From;Installatie;To;Bedrijf
"A.C. Hartman BV, locatie Sexbierum";"A.C. Hartman BV, locatie Sexbierum";"A.C. Hartman BV, locatie Sexbierum";A.C. Hartman
A12/CPP Petrogas E&P Netherlands B.V.;A12/CPP Petrogas E&P Netherlands B.V.;A12/CPP Petrogas E&P Netherlands B.V.;A12/CPP Petrogas E&P
Aardgasbuffer Zuidwending;Aardgasbuffer Zuidwending;Aardgasbuffer Zuidwending;Aardgasbuffer Zuidwending
Aardwarmte Centrale Den Haag;Aardwarmte Centrale Den Haag;Aardwarmte Centrale Den Haag;Aardwarmte Centrale Den Haag
Abbott Healthcare Products BV;Abbott;Abbott;Abbott
Abbott Laboratories B.V.;Abbott;Abbott;Abbott
Academisch Medisch Centrum (AMC);Academisch Medisch Centrum (AMC);Academisch Medisch Centrum (AMC);Academisch Medisch Centrum (AMC)
Academisch Ziekenhuis Groningen;Academisch Ziekenhuis Groningen;Academisch Ziekenhuis Groningen;Academisch Ziekenhuis Groningen
ADM Europoort B.V.;ADM Europoort B.V.;ADM Europoort B.V.;ADM
AGC Flat Glass Nederland BV;AGC Flat Glass Nederland BV;AGC Flat Glass Nederland BV;AGC Flat Glass Nederland
Agristo B.V.;Agristo B.V.;Agristo B.V.;Agristo B.V.
Agro Care Ontwikkeling II;Agro Care;Agro Care;Agro Care
Agro Care WP 17 Exploitatie BV;Agro Care;Agro Care;Agro Care
Agro Care WP11 Exploitatie;Agro Care;Agro Care;Agro Care
Air Liquide Industrie B.V. vest. Bergen op Zoom;Air Liquide;Air Liquide;Air Liquide
"Air Liquide Industrie B.V., vest. Botlek-Rotterdam";Air Liquide;Air Liquide;Air Liquide
Air Liquide Nederland BV - SMR2;Air Liquide;Air Liquide;Air Liquide
"Air Products Nederland B.V., Locatie Botlek";Air Products Nederland B.V.;Air Products Nederland B.V.;Air Products
"Air Products Nederland B.V., Locatie Botlek (Merseyweg)";Air Products Nederland B.V.;Air Products Nederland B.V.;Air Products
Albemarle Catalysts Company B.V.;Albemarle Catalysts Company B.V.;Albemarle Catalysts Company B.V.;Albemarle Catalysts Company
Alco Energy Rotterdam BV;Alco Energy Rotterdam BV;Alco Energy Rotterdam BV;Alco Energy Rotterdam
Aluminium & Chemie Rotterdam B.V.;Aluminium & Chemie Rotterdam B.V.;Aluminium & Chemie Rotterdam B.V.;Aluchemie
Amercentrale;Amercentrale;Amercentrale;RWE
AMS05 - AMS07;AM;AM;AM
AMS10;AM;AM;AM
"AMS15, De President";AM;AM;AM
AMS5;AM;AM;AM
AMS6;AM;AM;AM
AMS7;AM;AM;AM
AMS8;AM;AM;AM
Amsteldijk Beheer B.V.;Amsteldijk Beheer B.V.;Amsteldijk Beheer B.V.;Amsteldijk Beheer
Apollo Vredestein B.V.;Apollo Vredestein B.V.;Apollo Vredestein B.V.;Apollo Vredestein
Ardagh Glass Dongen B.V.;Ardagh Glass;Ardagh Glass;Ardagh Glass
Ardagh Glass Moerdijk B.V.;Ardagh Glass;Ardagh Glass;Ardagh Glass
Asfalt Centrale Nijkerk (ACN) B.V.;Asfalt Centrales;Asfalt Centrales;Asfalt Centrales
Asfalt Centrale Rotterdam (ACR);Asfalt Centrales;Asfalt Centrales;Asfalt Centrales
Asfalt Centrale Utrecht;Asfalt Centrales;Asfalt Centrales;Asfalt Centrales
Asfalt Productie Amsterdam (APA) B.V.;Asfalt Centrales;Asfalt Centrales;Asfalt Centrales
Asfalt Productie De Eem (APE) B.V.;Asfalt Centrales;Asfalt Centrales;Asfalt Centrales
Asfalt Productie Doetinchem;Asfalt Centrales;Asfalt Centrales;Asfalt Centrales
Asfalt Productie Hoogblokland;Asfalt Centrales;Asfalt Centrales;Asfalt Centrales
Asfalt Productie Nijmegen;Asfalt Centrales;Asfalt Centrales;Asfalt Centrales
Asfalt Productie Rasenberg Infra B.V.;Asfalt Centrales;Asfalt Centrales;Asfalt Centrales
Asfalt Productie Rotterdam Rijnmond (APRR) B.V.;Asfalt Centrales;Asfalt Centrales;Asfalt Centrales
Asfalt Productie Tiel B.V.;Asfalt Centrales;Asfalt Centrales;Asfalt Centrales
Asfalt Productie Westerbroek b.v.;Asfalt Centrales;Asfalt Centrales;Asfalt Centrales
Asfalt Produktie Maatschappij (A.P.M.) B.V.;Asfalt Centrales;Asfalt Centrales;Asfalt Centrales
Asfalt-Centrale BAM B.V.;Asfalt Centrales;Asfalt Centrales;Asfalt Centrales
Asfaltcentrale Harderwijk;Asfalt Centrales;Asfalt Centrales;Asfalt Centrales
Asfaltcentrale Harderwijk;Asfalt Centrales;Asfalt Centrales;Asfalt Centrales
Asfaltcentrale Heijmans Amsterdam;Asfalt Centrales;Asfalt Centrales;Asfalt Centrales
Asfaltcentrale Heijmans 's-Hertogenbosch;Asfalt Centrales;Asfalt Centrales;Asfalt Centrales
Asfaltcentrale Heijmans Venlo;Asfalt Centrales;Asfalt Centrales;Asfalt Centrales
Asfaltcentrale Heijmans Zwijndrecht;Asfalt Centrales;Asfalt Centrales;Asfalt Centrales
Asfalt-Centrale Limburg B.V.;Asfalt Centrales;Asfalt Centrales;Asfalt Centrales
AsfaltCentrale Overbetuwe (ACOB) B.V.;Asfalt Centrales;Asfalt Centrales;Asfalt Centrales
AsfaltCentrale Stedendriehoek (ACS);Asfalt Centrales;Asfalt Centrales;Asfalt Centrales
Asfaltcentrale Twente B.V.;Asfalt Centrales;Asfalt Centrales;Asfalt Centrales
Asfaltproductie Kootstertille (APK);Asfalt Centrales;Asfalt Centrales;Asfalt Centrales
Asfaltproductie Regio Amsterdam BV (ARA);Asfalt Centrales;Asfalt Centrales;Asfalt Centrales
Ashland Industries Nederland B.V.;Ashland Industries Nederland B.V.;Ashland Industries Nederland B.V.;Ashland Industries Nederland
Aspen Oss B.V.;Aspen Oss B.V.;Aspen Oss B.V.;Aspen Oss
AVEBE U.A. locatie Foxhol;AVEBE U.A.;AVEBE U.A.;AVEBE
AVEBE U.A. locatie Gasselternijveen;AVEBE U.A.;AVEBE U.A.;AVEBE
AVEBE U.A. locatie Ter Apelkanaal;AVEBE U.A.;AVEBE U.A.;AVEBE
"Aviko B.V., vestiging Lomm";Aviko B.V.;Aviko B.V.;Aviko
"Aviko B.V., vestiging Steenderen";Aviko B.V.;Aviko B.V.;Aviko
B.V. Steenfabriek Hedikhuizen;B.V. Steenfabriek;B.V. Steenfabriek;B.V. Steenfabriek
B.V. Steenfabriek Huissenswaard;B.V. Steenfabriek;B.V. Steenfabriek;B.V. Steenfabriek
B.V. Steenfabriek Spijk;B.V. Steenfabriek;B.V. Steenfabriek;B.V. Steenfabriek
Barendse DC II b.v.;Barendse DC II b.v.;Barendse DC II b.v.;Barendse DC II b.v.
Bavaria N.V.;Bavaria N.V.;Bavaria N.V.;Bavaria
Beekenkamp Plants BV;Beekenkamp Plants BV;Beekenkamp Plants BV;Beekenkamp Plants
Bio Energie Centrale Cuijk;Bio Energie Centrale;Bio Energie Centrale;Bio Energie Centrale
BioEnergieCentrale Delfzijl B.V.;Bio Energie Centrale;Bio Energie Centrale;Bio Energie Centrale
BioMethanol Chemie Nederland B.V.;BioMethanol Chemie Nederland B.V.;BioMethanol Chemie Nederland B.V.;BioMethanol
Biopetrol Rotterdam B.V.;Biopetrol Rotterdam B.V.;Biopetrol Rotterdam B.V.;Biopetrol
BP Raffinaderij Rotterdam B.V.;BP Raffinaderij Rotterdam B.V.;BP Raffinaderij Rotterdam B.V.;BP
Brabantse Asfalt Centrale B.V. (BAC);Brabantse Asfalt Centrale B.V. (BAC);Brabantse Asfalt Centrale B.V. (BAC);Asfalt Centrales
Bunge Loders Croklaan B.V.;Bunge;Bunge;Bunge
Bunge Netherlands B.V. Amsterdam;Bunge;Bunge;Bunge
Cabot B.V.;Cabot;Cabot;Cabot
"Cabot Norit Activated Carbon, Klazienaveen plant";Cabot Klazienaveen;Cabot;Cabot
Caldic Chemie B.V.;Caldic Chemie B.V.;Caldic Chemie B.V.;Caldic Chemie
Cargill B.V. Multiseed Amsterdam;Cargill;Cargill;Cargill
Cargill B.V. Rotterdam Botlek;Cargill;Cargill;Cargill
Cargill B.V. Sas van Gent;Cargill;Cargill;Cargill
Cargill Bergen op Zoom BKG 1;Cargill;Cargill;Cargill
Cargill Bergen op Zoom BKG 2;Cargill;Cargill;Cargill
Century Aluminum Vlissingen BV;Century Aluminum Vlissingen BV;Century Aluminum Vlissingen BV;Century Aluminum
Chemelot BKG 01;Chemelot;Chemelot;SABIC
Chemelot BKG 02;Chemelot;Chemelot;SABIC
Chemelot BKG 03;Chemelot;Chemelot;SABIC
Chemelot BKG 04;Chemelot;Chemelot;SABIC
Chemelot BKG 05;Chemelot;Chemelot;SABIC
Chemelot BKG 06;Chemelot;Chemelot;SABIC
Chemelot BKG 07;Chemelot;Chemelot;SABIC
Chemelot BKG 08;Chemelot;Chemelot;SABIC
Chemelot BKG 09;Chemelot;Chemelot;SABIC
Chemelot BKG 10;Chemelot;Chemelot;SABIC
Chemelot BKG 11;Chemelot;Chemelot;SABIC
Chemelot BKG 12;Chemelot;Chemelot;SABIC
Chemelot BKG 13;Chemelot;Chemelot;SABIC
Chemelot BKG 14;Chemelot;Chemelot;SABIC
Chemours Netherlands B.V.;Chemours Netherlands B.V.;Chemours Netherlands B.V.;Chemours
Climax Molybdenum B.V.;Climax Molybdenum B.V.;Climax Molybdenum B.V.;Climax Molybdenum
Co?. Grasdrogerij Ruinerwold en omstreken BA;Co?. Grasdrogerij Ruinerwold en omstreken BA;Co?. Grasdrogerij Ruinerwold en omstreken BA;Co?. Grasdrogerij Ruinerwold en omstreken BA
Croda Nederland B.V.;Croda Nederland B.V.;Croda Nederland B.V.;Croda Nederland
Crown Van Gelder N.V.;Crown Van Gelder N.V.;Crown Van Gelder N.V.;Crown Van Gelder
DAF Trucks N.V.;DAF Trucks N.V.;DAF Trucks N.V.;DAF Trucks
DAMCO Aluminium Delfzijl Co?eratie U.A.;DAMCO Aluminium Delfzijl Co?eratie U.A.;DAMCO Aluminium Delfzijl Co?eratie U.A.;DAMCO
Dana Petroleum Netherlands B.V. facility F2-A-Hanze;Dana Petroleum Netherlands B.V.;Dana Petroleum Netherlands B.V.;Dana Petroleum Netherlands
Dana Petroleum Netherlands B.V. facility P11-B-De Ruyter;Dana Petroleum Netherlands B.V.;Dana Petroleum Netherlands B.V.;Dana Petroleum Netherlands
Danone Nutricia Early Life Nutrition;Danone Nutricia Early Life Nutrition;Danone Nutricia Early Life Nutrition;Danone Nutricia Early Life Nutrition
Dekker Chrysanten BV;Dekker Chrysanten BV;Dekker Chrysanten BV;Dekker Chrysanten
Delesto B.V.;Delesto B.V.;Delesto B.V.;Nobian
Digital Realty Wenckebachweg 127;Digital Realty Wenckebachweg 127;Digital Realty Wenckebachweg 127;Digital Realty Wenckebachweg 127
"DOC Kaas ba, vestiging Alteveerstraat";DOC Kaas;DOC Kaas;DOC Kaas
"DOC Kaas BV, vestiging Zuivelpark";DOC Kaas;DOC Kaas;DOC Kaas
Dow Benelux B.V. BKG 1;Dow Benelux B.V.;Dow Benelux B.V.;Dow
Dow Benelux B.V. BKG 10;Dow Benelux B.V.;Dow Benelux B.V.;Dow
Dow Benelux B.V. BKG 2;Dow Benelux B.V.;Dow Benelux B.V.;Dow
Dow Benelux B.V. BKG 3;Dow Benelux B.V.;Dow Benelux B.V.;Dow
Dow Benelux B.V. BKG 4;Dow Benelux B.V.;Dow Benelux B.V.;Dow
Dow Benelux B.V. BKG 5;Dow Benelux B.V.;Dow Benelux B.V.;Dow
Dow Benelux B.V. BKG 6;Dow Benelux B.V.;Dow Benelux B.V.;Dow
Dow Benelux B.V. BKG 7;Dow Benelux B.V.;Dow Benelux B.V.;Dow
Dow Benelux B.V. BKG 8;Dow Benelux B.V.;Dow Benelux B.V.;Dow
Dow Benelux B.V. BKG 9;Dow Benelux B.V.;Dow Benelux B.V.;Dow
DS Smith Paper De Hoop Mill;DS Smith Paper De Hoop Mill;DS Smith Paper De Hoop Mill;DS Smith Paper De Hoop Mill
DS Utility Plant;DS Utility Plant;DS Utility Plant;DS Utility Plant
DSM Delft Permit B.V.;DSM Delft Permit B.V.;DSM Delft Permit B.V.;DSM
Eastman Chemical Middelburg BV;Eastman Chemical Middelburg BV;Eastman Chemical Middelburg BV;Eastman Chemical Middelburg
Echter Asfaltcentrale B.V.;Echter Asfaltcentrale B.V.;Echter Asfaltcentrale B.V.;Echter Asfaltcentrale
EdgeConnex Netherlands B.V.;EdgeConnex Netherlands B.V.;EdgeConnex Netherlands B.V.;EdgeConnex Netherlands
E-max Remelt;E-max Remelt;E-max Remelt;E-max Remelt
Emerald Kalama Chemical B.V.;Emerald Kalama Chemical B.V.;Emerald Kalama Chemical B.V.;Emerald Kalama Chemical
Emmtec Services B.V.;Emmtec Services B.V.;Emmtec Services B.V.;Emmtec Services
"ENCI B.V., vestiging IJmuiden";ENCI B.V.;ENCI B.V.;ENCI
"ENCI B.V., vestiging Maastricht";ENCI B.V.;ENCI B.V.;ENCI
Enecal Energy V.O.F.;Enecal Energy V.O.F.;Enecal Energy V.O.F.;Enecal Energy V.O.F.
Eneco Centrale Lage Weide;Eneco Centrale Lage Weide;Eneco;Eneco
Eneco Centrale Merwedekanaal;Eneco Centrale Merwedekanaal;Eneco;Eneco
Eneco Hulpketelstation Galileistraat;Eneco Hulpketelstation Galileistraat;Eneco;Eneco
Eneco Hulpwarmtecentrale Kanaleneiland;Eneco Hulpwarmtecentrale Kanaleneiland;Eneco;Eneco
Eneco Hulpwarmtecentrale Nicolaas Beetsstraat;Eneco Hulpwarmtecentrale Nicolaas Beetsstraat;Eneco;Eneco
Eneco Hulpwarmtecentrale Nieuwegein;Eneco Hulpwarmtecentrale Nieuwegein;Eneco;Eneco
Eneco Hulpwarmtecentrale Overvecht;Eneco Hulpwarmtecentrale Overvecht;Eneco;Eneco
"Eneco Solar, Bio & Hydro BV, HWC Ypenburg";"Eneco Solar, Bio & Hydro BV, HWC Ypenburg";Eneco;Eneco
"Eneco Solar, Bio & Hydro BV, WKC Oosterheem";"Eneco Solar, Bio & Hydro BV, WKC Oosterheem";Eneco;Eneco
"Eneco Solar, Bio & Hydro BV, WKC Vaanpark";"Eneco Solar, Bio & Hydro BV, WKC Vaanpark";Eneco;Eneco
"Eneco Solar, Bio & Hydro BV, WKC Vathorst";"Eneco Solar, Bio & Hydro BV, WKC Vathorst";Eneco;Eneco
"Eneco Solar, Bio & Hydro BV, WKC Vijfwal";"Eneco Solar, Bio & Hydro BV, WKC Vijfwal";Eneco;Eneco
"Eneco Solar, Bio & Hydro BV, WKC Wateringseveld";"Eneco Solar, Bio & Hydro BV, WKC Wateringseveld";Eneco;Eneco
"Eneco Solar, Bio & Hydro BV, WKC Ypenburg";"Eneco Solar, Bio & Hydro BV, WKC Ypenburg";Eneco;Eneco
Enecogen;Enecogen;Eneco;Eneco
Energie Productie Clauscentrale;Energie Productie Clauscentrale;Energie Productie Clauscentrale;RWE
Energieco?eratie Greenhouse Energy U.A.;Energieco?eratie Greenhouse Energy U.A.;Energieco?eratie Greenhouse Energy U.A.;Energieco?eratie Greenhouse Energy
ENGIE Centrale Bergum;ENGIE Centrale Bergum;ENGIE;ENGIE
ENGIE Centrale Harculo;ENGIE Centrale Harculo;ENGIE;ENGIE
"ENGIE E&P Nederland B.V., D15-A platform";ENGIE E&P Nederland B.V.;ENGIE;ENGIE
"ENGIE E&P Nederland B.V., F3-FB-1 platform";ENGIE E&P Nederland B.V.;ENGIE;ENGIE
"ENGIE E&P Nederland B.V., G17-d-A/AP platform";ENGIE E&P Nederland B.V.;ENGIE;ENGIE
"ENGIE E&P Nederland B.V., K12-B platform";ENGIE E&P Nederland B.V.;ENGIE;ENGIE
"ENGIE E&P Nederland B.V., L10-A platform";ENGIE E&P Nederland B.V.;ENGIE;ENGIE
ENGIE Eemscentrale;ENGIE Eemscentrale;ENGIE;ENGIE
ENGIE Energie Nederland N.V. Centrale Gelderland;ENGIE Energie Nederland N.V. Centrale Gelderland;ENGIE;ENGIE
ENGIE Maximacentrale;ENGIE Maximacentrale;ENGIE;ENGIE
EPZ Conventional Operations;EPZ Conventional Operations;EPZ Conventional Operations;EPZ
Equinix AM1 & AM2;Equinix;Equinix;Equinix
Equinix AM3;Equinix;Equinix;Equinix
Equinix AM4;Equinix;Equinix;Equinix
Equinix AM5;Equinix;Equinix;Equinix
Equinix AM6;Equinix;Equinix;Equinix
Equinix AM7;Equinix;Equinix;Equinix
Erasmus MC;Erasmus MC;Erasmus MC;Erasmus MC
ESD-SIC bv;ESD-SIC bv;ESD-SIC bv;ESD-SIC
Eska Graphic Board Hoogezand;Eska Graphic Board;Eska Graphic Board;Eska Graphic Board
Eska Graphic Board Sappemeer;Eska Graphic Board;Eska Graphic Board;Eska Graphic Board
ESSO Raffinaderij Rotterdam;ESSO Raffinaderij Rotterdam;ESSO Raffinaderij Rotterdam;ExxonMobil
Euro Tank Terminal BV;Euro Tank Terminal BV;Euro Tank Terminal BV;Euro Tank Terminal
Eurogen C.V.;Eurogen C.V.;Eurogen C.V.;Eurogen C.V.
ExxonMobil Chemical Holland B.V. (RAP);ExxonMobil Chemical Holland B.V.;ExxonMobil Chemical Holland B.V.;ExxonMobil
ExxonMobil Chemical Holland B.V. (ROP);ExxonMobil Chemical Holland B.V.;ExxonMobil Chemical Holland B.V.;ExxonMobil
ExxonMobil Chemical Holland B.V. (RPP);ExxonMobil Chemical Holland B.V.;ExxonMobil Chemical Holland B.V.;ExxonMobil
"Fa. P.C.M. van Vliet en Zn., Locatie Westland";Fa. P.C.M. van Vliet en Zn.;Fa. P.C.M. van Vliet en Zn.;Fa. P.C.M. van Vliet en Zn.
"Fa. P.C.M. van Vliet en Zn., Locatie Zeevliet";Fa. P.C.M. van Vliet en Zn.;Fa. P.C.M. van Vliet en Zn.;Fa. P.C.M. van Vliet en Zn.
Farm Frites B.V.;Farm Frites B.V.;Farm Frites B.V.;Farm Frites
FloraHolland Aalsmeer;FloraHolland;FloraHolland;FloraHolland
FloraHolland Vestiging Naaldwijk;FloraHolland;FloraHolland;FloraHolland
FNsteel B.V.;FNsteel B.V.;FNsteel B.V.;FNsteel
Forbo Flooring B.V.;Forbo Flooring B.V.;Forbo Flooring B.V.;Forbo Flooring
FrieslandCampina Bedum;FrieslandCampina;FrieslandCampina;FrieslandCampina
FrieslandCampina Beilen;FrieslandCampina;FrieslandCampina;FrieslandCampina
"FrieslandCampina DMV B.V., locatie Veghel";FrieslandCampina;FrieslandCampina;FrieslandCampina
FrieslandCampina Domo locatie Borculo;FrieslandCampina;FrieslandCampina;FrieslandCampina
FrieslandCampina Leeuwarden;FrieslandCampina;FrieslandCampina;FrieslandCampina
FrieslandCampina Lochem;FrieslandCampina;FrieslandCampina;FrieslandCampina
FrieslandCampina Workum;FrieslandCampina;FrieslandCampina;FrieslandCampina
Frisia Zout B.V.;Frisia Zout B.V.;Frisia Zout B.V.;Frisia Zout
FUJIFILM Manufacturing Europe B.V.;FUJIFILM Manufacturing Europe B.V.;FUJIFILM Manufacturing Europe B.V.;FUJIFILM Manufacturing Europe
Gate terminal B.V. (Maasvlakte);Gate terminal B.V. (Maasvlakte);Gate terminal B.V. (Maasvlakte);Gate terminal B.V.
Gebr. Gresnigt Holding B.V. (Seasun West);Gebr. Gresnigt Holding B.V. (Seasun West);Gebr. Gresnigt Holding B.V. (Seasun West);Gebr. Gresnigt Holding B.V. (Seasun West)
Gebr. L. en J. Voskamp B.V.;Gebr. L. en J. Voskamp B.V.;Gebr. L. en J. Voskamp B.V.;Gebr. L. en J. Voskamp
Gebr. van der Lee;Gebr. van der Lee;Gebr. van der Lee;Gebr. van der Lee
Gipmans Groep;Gipmans Groep;Gipmans Groep;Gipmans Groep
Global Switch Amsterdam B.V.;Global Switch Amsterdam B.V.;Global Switch Amsterdam B.V.;Global Switch Amsterdam
Gouda Refractories BV;Gouda Refractories BV;Gouda Refractories BV;Gouda Refractories
Grasdrogerij Hartog B.V.;Grasdrogerij Hartog B.V.;Grasdrogerij Hartog B.V.;Grasdrogerij Hartog
Green Box Computing BV;Green Box Computing BV;Green Box Computing BV;Green Box Computing
Grolsche Bierbrouwerij Nederland BV;Grolsche Bierbrouwerij Nederland BV;Grolsche Bierbrouwerij Nederland BV;Grolsche Bierbrouwerij Nederland
Gunvor Petroleum Rotterdam B.V.;Gunvor Petroleum Rotterdam B.V.;Gunvor Petroleum Rotterdam B.V.;Gunvor Group
Haagse Asfaltcentrale (HAC);Haagse Asfaltcentrale (HAC);Haagse Asfaltcentrale (HAC);Haagse Asfaltcentrale (HAC)
Harting Holland B.V.;Harting Holland B.V.;Harting Holland B.V.;Harting Holland
HB Energy BV;HB Energy BV;HB Energy BV;HB Energy
"Heineken Nederland B.V., brouwerij Zoeterwoude";Heineken Nederland B.V.;Heineken Nederland B.V.;Heineken Nederland
"Heineken Nederland B.V., locatie Den Bosch";Heineken Nederland B.V.;Heineken Nederland B.V.;Heineken Nederland
Hexion B.V. BKG 1;Hexion B.V. BKG;Hexion B.V. BKG;Hexion
Hexion B.V.BKG 2;Hexion B.V. BKG;Hexion B.V. BKG;Hexion
Holland Malt B.V. locatie Eemshaven;Holland Malt B.V. locatie Eemshaven;Holland Malt B.V. locatie Eemshaven;Holland Malt
Hollandplant B.V.;Hollandplant B.V.;Hollandplant B.V.;Hollandplant
Hoogweg Luttelgeest BV NLW1;Hoogweg Luttelgeest BV;Hoogweg Luttelgeest BV;Hoogweg Luttelgeest
Hoogweg Luttelgeest BV NLW9;Hoogweg Luttelgeest BV;Hoogweg Luttelgeest BV;Hoogweg Luttelgeest
Hoorn - Chevron Expl. and Prod. Netherlands B.V.;Hoorn - Chevron Expl. and Prod. Netherlands B.V.;Hoorn - Chevron Expl. and Prod. Netherlands B.V.;Hoorn - Chevron Expl. and Prod. Netherlands
Huhtamaki Nederland BV;Huhtamaki Nederland BV;Huhtamaki Nederland BV;Huhtamaki Nederland
HulpWarmteCentrale 1;HulpWarmteCentrale;HulpWarmteCentrale;HulpWarmteCentrale
HulpWarmteCentrale 2;HulpWarmteCentrale;HulpWarmteCentrale;HulpWarmteCentrale
HWC Amsterdam Driehoek;HWC Amsterdam Driehoek;HWC Amsterdam Driehoek;HWC Amsterdam Driehoek
HWC Hogering;HWC Hogering;HWC Hogering;HWC Hogering
IAMS Europe B.V.;IAMS Europe B.V.;IAMS Europe B.V.;IAMS Europe
Indorama Ventures Europe B.V.;Indorama Ventures Europe B.V.;Indorama Ventures Europe B.V.;Indorama Ventures Europe
InnovioPapers B.V.;InnovioPapers B.V.;InnovioPapers B.V.;InnovioPapers
IOI - Loders Croklaan Oils B.V.;IOI - Loders Croklaan Oils B.V.;IOI - Loders Croklaan Oils B.V.;IOI - Loders Croklaan Oils
J.G. Timmerman Groenvoederdrogerij B.V.;J.G. Timmerman Groenvoederdrogerij B.V.;J.G. Timmerman Groenvoederdrogerij B.V.;J.G. Timmerman Groenvoederdrogerij
J.S.E. B.V.;J.S.E. B.V.;J.S.E. B.V.;J.S.E.
Jacobs Douwe Egberts NL B.V.;Jacobs Douwe Egberts NL B.V.;Jacobs Douwe Egberts NL B.V.;Jacobs Douwe Egberts NL
Johnson Matthey B.V.;Johnson Matthey B.V.;Johnson Matthey B.V.;Johnson Matthey
Kaas- en weipoederfabriek A-ware en Fonterra H.;Kaas- en weipoederfabriek A-ware en Fonterra H.;Kaas- en weipoederfabriek A-ware en Fonterra H.;Kaas- en weipoederfabriek A-ware en Fonterra H.
KBB Holland;KBB Holland;KBB Holland;KBB Holland
Ketelhuis De La Reijweg;Ketelhuis;Ketelhuis;Ketelhuis
Ketelhuis Helmerhoek;Ketelhuis;Ketelhuis;Ketelhuis
Kisuma Chemicals B.V.;Kisuma Chemicals B.V.;Kisuma Chemicals B.V.;Kisuma Chemicals
Kleiwarenfabriek Buggenum BV;Kleiwarenfabriek;Kleiwarenfabriek;Kleiwarenfabriek
Kleiwarenfabriek De Bylandt B.V.;Kleiwarenfabriek;Kleiwarenfabriek;Kleiwarenfabriek
Kleiwarenfabriek Facade Beek;Kleiwarenfabriek;Kleiwarenfabriek;Kleiwarenfabriek
Kleiwarenfabriek Joosten Kessel BV;Kleiwarenfabriek;Kleiwarenfabriek;Kleiwarenfabriek
Kleiwarenfabriek Joosten Wessem BV;Kleiwarenfabriek;Kleiwarenfabriek;Kleiwarenfabriek
Kleiwarenfabriek Nuth;Kleiwarenfabriek;Kleiwarenfabriek;Kleiwarenfabriek
KLM Engineering & Maintenance Schiphol Oost;KLM Engineering & Maintenance Schiphol Oost;KLM Engineering & Maintenance Schiphol Oost;KLM
"Koninklijke Mosa B.V., locatie Vloertegel";Koninklijke Mosa B.V.;Koninklijke Mosa B.V.;Koninklijke Mosa
"Koninklijke Mosa BV, locatie Wandtegel";Koninklijke Mosa B.V.;Koninklijke Mosa B.V.;Koninklijke Mosa
Koole Tankstorage Botlek B.V. (BKG-1);Koole Tankstorage Botlek B.V.;Koole Tankstorage Botlek B.V.;Koole Tankstorage
Koole Tankstorage Botlek B.V. (BKG-2);Koole Tankstorage Botlek B.V.;Koole Tankstorage Botlek B.V.;Koole Tankstorage
Koole Tankstorage Minerals B.V.;Koole Tankstorage Botlek B.V.;Koole Tankstorage Botlek B.V.;Koole Tankstorage
Koole Tankstorage Pernis B.V.;Koole Tankstorage Botlek B.V.;Koole Tankstorage Botlek B.V.;Koole Tankstorage
Koudasfalt Staphorst BV;Koudasfalt Staphorst BV;Koudasfalt Staphorst BV;Koudasfalt Staphorst
Kwekerij 4Evergreen - lokatie Steenbergen;Kwekerij;Kwekerij;Kwekerij
Kwekerij De Kabel BV;Kwekerij;Kwekerij;Kwekerij
Kwekerij de Wieringermeer;Kwekerij;Kwekerij;Kwekerij
Kwekerij Helderman;Kwekerij;Kwekerij;Kwekerij
Kwekerij Het Kraaiennest BV;Kwekerij;Kwekerij;Kwekerij
Kwekerij Minida;Kwekerij;Kwekerij;Kwekerij
Kwekerij Mooijman;Kwekerij;Kwekerij;Kwekerij
Kwekerij Overgaag;Kwekerij;Kwekerij;Kwekerij
KWS Infra B.V. Asfaltcentrale Eindhoven;Asfalt Centrales;Asfalt Centrales;Asfalt Centrales
KWS Infra B.V. Asfaltcentrale Roosendaal;Asfalt Centrales;Asfalt Centrales;Asfalt Centrales
"Lamb Weston Meijer V.O.F., vestiging Bergen op Zoom";"Lamb Weston Meijer V.O.F., vestiging Bergen op Zoom";"Lamb Weston Meijer V.O.F., vestiging Bergen op Zoom";"Lamb Weston Meijer V.O.F., vestiging Bergen op Zoom"
Leids Universitair Medisch Centrum;Leids Universitair Medisch Centrum;Leids Universitair Medisch Centrum;Leids Universitair Medisch Centrum
Lyondell Chemie Nederland B.V. - Botlek locatie;Lyondell Chemie Nederland B.V.;Lyondell Chemie Nederland B.V.;LyondellBasell
Lyondell Chemie Nederland B.V. - Europoort locatie;Lyondell Chemie Nederland B.V.;Lyondell Chemie Nederland B.V.;LyondellBasell
LyondellBasell Covestro Manufact. Maasvlakte VOF;Lyondell Chemie Nederland B.V.;Lyondell Chemie Nederland B.V.;LyondellBasell
MaasStroom Energie C.V.;MaasStroom Energie C.V.;MaasStroom Energie C.V.;Castleton Commodities
Maastricht Universitair Medisch Centrum + (MUMC+);Maastricht Universitair Medisch Centrum + (MUMC+);Maastricht Universitair Medisch Centrum + (MUMC+);Maastricht Universitair Medisch Centrum + (MUMC+)
Mars Food Europe CV;Mars;Mars;Mars
Mars Nederland BV;Mars;Mars;Mars
Marsna Paper B.V.;Marsna Paper B.V.;Marsna Paper B.V.;Marsna Paper
Mayr-Melnhof Eerbeek B.V.;Mayr-Melnhof Eerbeek B.V.;Mayr-Melnhof Eerbeek B.V.;Mayr-Melnhof Eerbeek
"McCain Foods Holland B.V., vestiging Lelystad";McCain Foods Holland B.V.;McCain Foods Holland B.V.;McCain Foods Holland
"McCain Foods Holland B.V., vestiging Lewedorp";McCain Foods Holland B.V.;McCain Foods Holland B.V.;McCain Foods Holland
"Ministerie van Defensie, Nieuwe Haven Terrein";"Ministerie van Defensie, Nieuwe Haven Terrein";"Ministerie van Defensie, Nieuwe Haven Terrein";Ministerie van Defensie
Moerdijk Production Site Basell Benelux B.V.;Moerdijk Production Site Basell Benelux B.V.;Moerdijk Production Site Basell Benelux B.V.;LyondellBasell
Monier Tegelen;Monier;Monier;Monier
Monier Woerden;Monier;Monier;Monier
N.V. Nederlandse Gasunie LNG Maasvlakte;Nederlandse Gasunie;Nederlandse Gasunie;Nederlandse Gasunie
NAM B.V. Gasbehandelingsinstallatie Grijpskerk;NAM B.V.;NAM B.V.;NAM
NAM B.V. Gasproductie en gascompressie-installatie;NAM B.V.;NAM B.V.;NAM
NAM B.V. gaszuiveringsinstallatie (GZI) Emmen;NAM B.V.;NAM B.V.;NAM
NAM B.V. Grijpskerk USG;NAM B.V.;NAM B.V.;NAM
NAM B.V. locatie Den Helder;NAM B.V.;NAM B.V.;NAM
NAM B.V. locatie K14-FA-1C/P;NAM B.V.;NAM B.V.;NAM
NAM B.V. Norg USG;NAM B.V.;NAM B.V.;NAM
NAM B.V. Warmtekrachtcentrale en Oliebehandelingsinstallatie Schoonebeek (WKC/OBI);NAM B.V.;NAM B.V.;NAM
"NAM B.V., locatie L9-FF-1";NAM B.V.;NAM B.V.;NAM
NDHR1;NDHR1;NDHR1;NDHR1
Nederlandse Gasunie CS Alphen N.V.;Nederlandse Gasunie;Nederlandse Gasunie;Nederlandse Gasunie
Nederlandse Gasunie CS Beverwijk N.V.;Nederlandse Gasunie;Nederlandse Gasunie;Nederlandse Gasunie
Nederlandse Gasunie CS Oldeboorn N.V.;Nederlandse Gasunie;Nederlandse Gasunie;Nederlandse Gasunie
Nederlandse Gasunie CS Ommen N.V.;Nederlandse Gasunie;Nederlandse Gasunie;Nederlandse Gasunie
Nederlandse Gasunie CS Ravenstein N.V.;Nederlandse Gasunie;Nederlandse Gasunie;Nederlandse Gasunie
Nederlandse Gasunie CS Spijk N.V.;Nederlandse Gasunie;Nederlandse Gasunie;Nederlandse Gasunie
Nederlandse Gasunie CS Wieringermeer N.V.;Nederlandse Gasunie;Nederlandse Gasunie;Nederlandse Gasunie
Nederlandse Gasunie CS Zweekhorst N.V.;Nederlandse Gasunie;Nederlandse Gasunie;Nederlandse Gasunie
Nedmag B.V.;Nedmag B.V.;Nedmag B.V.;Nedmag
Neenah Coldenhove Holding B.V.;Neenah Coldenhove Holding B.V.;Neenah Coldenhove Holding B.V.;Neenah Coldenhove Holding
Noordam Plants B.V.;Noordam Plants B.V.;Noordam Plants B.V.;Noordam Plants
Noordelijke Asfaltproductie (NOAP) B.V.;Asfalt Centrales;Asfalt Centrales;Asfalt Centrales
Noordgastransport B.V.;Noordgastransport B.V.;Noordgastransport B.V.;Noordgastransport
Nouryon Industrial Chemicals B.V. (Delfzijl);Nouryon;Nouryon;Nobian
Nouryon Industrial Chemicals B.V. (Hengelo);Nouryon;Nouryon;Nobian
Nouryon Industrial Chemicals B.V. (Rotterdam);Nouryon;Nouryon;Nobian
NTT Global Datacenters AMS1 BV;NTT Global Datacenters AMS1 BV;NTT Global Datacenters AMS1 BV;NTT Global Datacenters AMS1
Nuon HWC Duiven-Westervoort;Nuon;Nuon;Nuon
Nuon HWC Lelystad;Nuon;Nuon;Nuon
Nuon HWC Schuytgraaf;Nuon;Nuon;Nuon
Nuon HWC Waalsprong;Nuon;Nuon;Nuon
Nuon Power Buggenum (WAC);Nuon;Nuon;Nuon
Nuon Warmtekrachtcentrale Purmerend;Nuon;Nuon;Nuon
NXP Semiconductors Nijmegen;NXP Semiconductors Nijmegen;NXP Semiconductors Nijmegen;NXP
Nyrstar Budel B.V.;Nyrstar Budel B.V.;Nyrstar Budel B.V.;Nyrstar Budel
"O-I Manufacturing Netherlands B.V., vestiging Leerdam";O-I Manufacturing Netherlands B.V.;O-I Manufacturing Netherlands B.V.;O-I Manufacturing Netherlands
"O-I Manufacturing Netherlands B.V., vestiging Maastricht";O-I Manufacturing Netherlands B.V.;O-I Manufacturing Netherlands B.V.;O-I Manufacturing Netherlands
"O-I Manufacturing Netherlands B.V., vestiging Schiedam";O-I Manufacturing Netherlands B.V.;O-I Manufacturing Netherlands B.V.;O-I Manufacturing Netherlands
Olam Cocoa;Olam Cocoa;Olam Cocoa;Olam Cocoa
Oldambt Groenvoederdrogerij B.V.;Oldambt Groenvoederdrogerij B.V.;Oldambt Groenvoederdrogerij B.V.;Oldambt Groenvoederdrogerij
Ooms Producten bv;Ooms Producten bv;Ooms Producten bv;Ooms Producten
Owens Corning Veil Netherlands B.V.;Owens Corning Veil Netherlands B.V.;Owens Corning Veil Netherlands B.V.;Owens Corning Veil Netherlands
P.N. Hoogerbrugge Steenbergen B.V.;P.N. Hoogerbrugge Steenbergen B.V.;P.N. Hoogerbrugge Steenbergen B.V.;P.N. Hoogerbrugge Steenbergen
Papierfabriek Doetinchem B.V.;Papierfabriek Doetinchem B.V.;Papierfabriek Doetinchem B.V.;Papierfabriek Doetinchem
Parenco B.V.;Parenco B.V.;Parenco B.V.;Parenco
PEKA Kroef B.V.;PEKA Kroef B.V.;PEKA Kroef B.V.;PEKA Kroef
PepsiCo Nederland B.V.;PepsiCo Nederland B.V.;PepsiCo Nederland B.V.;PepsiCo
Pergen VOF;Pergen VOF;Pergen VOF;Air Liquide
PGI Nonwovens B.V.;PGI Nonwovens B.V.;PGI Nonwovens B.V.;PGI Nonwovens
Philip Morris Holland B.V.;Philip Morris Holland B.V.;Philip Morris Holland B.V.;Philip Morris
Platform J6-A;Platform J6-A;Platform J6-A;Platform J6-A
Pompstation Breda;Pompstation;Pompstation;Pompstation
Pompstation Tilburg;Pompstation;Pompstation;Pompstation
Power Plant Rotterdam B.V.;Power Plant Rotterdam B.V.;Power Plant Rotterdam B.V.;Onyx
PPG Industries Chemicals B.V.;PPG Industries;PPG Industries;PPG Industries
PPG Industries Fiber Glass BV;PPG Industries;PPG Industries;PPG Industries
PQ Silicas BV;PQ Silicas BV;PQ Silicas BV;PQ Silicas
Promelca Dairy Foods;Promelca Dairy Foods;Promelca Dairy Foods;Promelca Dairy Foods
PURAC Biochem B.V.;PURAC Biochem B.V.;PURAC Biochem B.V.;PURAC Biochem
Red Harvest B.V.;Red Harvest B.V.;Red Harvest B.V.;Red Harvest
Rendac Son B.V.;Rendac Son B.V.;Rendac Son B.V.;Rendac Son
Rijnmond Energie C.V.;Rijnmond Energie C.V.;Rijnmond Energie C.V.;Uniper
Rixona B.V.;Rixona B.V.;Rixona B.V.;Rixona
Rockwool B.V.;Rockwool B.V.;Rockwool B.V.;Rockwool
Rodruza - Steenfabriek Rossum BV;Steenfabrieken;Steenfabrieken;Steenfabrieken
Rodruza - Steenfabriek Zandberg BV;Steenfabrieken;Steenfabrieken;Steenfabrieken
Rosier Nederland B.V.;Rosier Nederland B.V.;Rosier Nederland B.V.;Rosier Nederland
Royal Pride Holland B.V.;Royal Pride Holland B.V.;Royal Pride Holland B.V.;Royal Pride Holland
Ruigenhil Vastgoed B.V. Nedstaal BKG 1;Ruigenhil Vastgoed B.V. Nedstaal BKG 1;Ruigenhil Vastgoed B.V. Nedstaal BKG 1;Ruigenhil Vastgoed B.V. Nedstaal BKG 1
RWE Eemshaven Centrale;RWE Eemshaven Centrale;RWE Eemshaven Centrale;RWE
SABIC Innovative Plastics B.V. BKG 1;SABIC Innovative Plastics B.V.;SABIC Innovative Plastics B.V.;SABIC
SABIC Innovative Plastics B.V. BKG 2;SABIC Innovative Plastics B.V.;SABIC Innovative Plastics B.V.;SABIC
Saint-Gobain Construction Products Nederland B.V.;Saint-Gobain Construction Products Nederland B.V.;Saint-Gobain Construction Products Nederland B.V.;Saint-Gobain Construction Products Nederland
Sappi Maastricht BV;Sappi Maastricht BV;Sappi Maastricht BV;Sappi
SCA Hygiene Products Cuijk B.V.;SCA Hygiene Products Cuijk B.V.;SCA Hygiene Products Cuijk B.V.;SCA Hygiene Products Cuijk
Schiphol Nederland B.V.;Schiphol Nederland B.V.;Schiphol Nederland B.V.;Schiphol Nederland
Seasun Epsilon B.V. (Seasun Oost);Seasun Epsilon B.V. (Seasun Oost);Seasun Epsilon B.V. (Seasun Oost);Seasun Epsilon B.V. (Seasun Oost)
Sensus B.V. Zwolle;Sensus;Sensus;Sensus
"Sensus, vestiging Roosendaal";Sensus;Sensus;Sensus
"Shell Nederland Chemie B.V., vest. Moerdijk BKG 1";Shell Nederland Chemie B.V. Moerdijk;Shell Nederland Chemie B.V.;Shell
"Shell Nederland Chemie B.V., vest. Moerdijk BKG 2";Shell Nederland Chemie B.V. Moerdijk;Shell Nederland Chemie B.V.;Shell
"Shell Nederland Chemie B.V., vest. Moerdijk BKG 3";Shell Nederland Chemie B.V. Moerdijk;Shell Nederland Chemie B.V.;Shell
"Shell Nederland Chemie B.V., vest. Moerdijk BKG 4";Shell Nederland Chemie B.V. Moerdijk;Shell Nederland Chemie B.V.;Shell
"Shell Nederland Chemie B.V., vest. Moerdijk BKG 5";Shell Nederland Chemie B.V. Moerdijk;Shell Nederland Chemie B.V.;Shell
"Shell Nederland Chemie B.V., vest. Moerdijk BKG 6";Shell Nederland Chemie B.V. Moerdijk;Shell Nederland Chemie B.V.;Shell
"Shell Nederland Chemie B.V., vest. Moerdijk BKG 7";Shell Nederland Chemie B.V. Moerdijk;Shell Nederland Chemie B.V.;Shell
"Shell Nederland Chemie B.V., vest. Moerdijk BKG 8";Shell Nederland Chemie B.V. Moerdijk;Shell Nederland Chemie B.V.;Shell
"Shell Nederland Chemie B.V., vestiging Pernis";Shell Nederland Chemie B.V. Pernis;Shell Nederland Chemie B.V.;Shell
Shell Nederland Raffinaderij B.V.;Shell Nederland Chemie B.V. Pernis;Shell Nederland Chemie B.V.;Shell
"Shin-Etsu PVC B.V., locatie Botlek";"Shin-Etsu PVC B.V., locatie Botlek";"Shin-Etsu PVC B.V., locatie Botlek";Shin-Etsu
Sime Darby Unimills B.V.;Sime Darby Unimills B.V.;Sime Darby Unimills B.V.;Sime Darby Unimills
Siniat B.V.;Siniat B.V.;Siniat B.V.;Siniat
Sloe Centrale B.V.;Sloe Centrale B.V.;Sloe Centrale B.V.;Sloe Centrale B.V.
Smart Packaging Solutions B.V.;Smart Packaging Solutions B.V.;Smart Packaging Solutions B.V.;Smurfit Kappa
Smurfit Kappa Roermond Papier B.V.;Smurfit Kappa Roermond Papier B.V.;Smurfit Kappa Roermond Papier B.V.;Smurfit Kappa
Solidus Solutions Board B.V. loc. Bad Nieuweschans;Solidus Solutions Board B.V.;Solidus Solutions Board B.V.;Solidus Solutions Board
Solidus Solutions Board B.V. locatie Coevorden;Solidus Solutions Board B.V.;Solidus Solutions Board B.V.;Solidus Solutions Board
Solidus Solutions Board B.V. locatie Hoogkerk;Solidus Solutions Board B.V.;Solidus Solutions Board B.V.;Solidus Solutions Board
Solidus Solutions Board B.V. locatie Oude Pekela;Solidus Solutions Board B.V.;Solidus Solutions Board B.V.;Solidus Solutions Board
Sonac Burgum B.V.;Sonac;Sonac;Sonac
Sonac Vuren B.V.;Sonac;Sonac;Sonac
Sonneborn Refined Products;Sonneborn Refined Products;Sonneborn Refined Products;Sonneborn Refined Products
Steenfabriek De Rijswaard BV;Steenfabrieken;Steenfabrieken;Steenfabrieken
Steenfabriek Engels Helden BV;Steenfabrieken;Steenfabrieken;Steenfabrieken
Steenfabriek Engels Oeffelt BV;Steenfabrieken;Steenfabrieken;Steenfabrieken
Steenfabriek Gebroeders Klinkers BV;Steenfabrieken;Steenfabrieken;Steenfabrieken
Steenfabriek Linssen BV;Steenfabrieken;Steenfabrieken;Steenfabrieken
Steenindustrie Strating B.V.;Steenindustrie Strating B.V.;Steenindustrie Strating B.V.;Steenindustrie Strating
Steinzeug-Keramo BV;Steinzeug-Keramo BV;Steinzeug-Keramo BV;Steinzeug-Keramo
Stichting Katholieke Universiteit (SKU);Stichting Katholieke Universiteit (SKU);Stichting Katholieke Universiteit (SKU);Stichting Katholieke Universiteit (SKU)
Stichting VU-VUmc FCO / CCE;Stichting VU-VUmc FCO / CCE;Stichting VU-VUmc FCO / CCE;Stichting VU-VUmc FCO / CCE
Strabag Asfalt;Asfalt Centrales;Asfalt Centrales;Asfalt Centrales
Suiker Unie fabriek Dinteloord;Suiker Unie;Suiker Unie;Suiker Unie
"Suiker Unie, productielocatie Vierverlaten";Suiker Unie;Suiker Unie;Suiker Unie
TAQA Offshore B.V.;TAQA;TAQA;TAQA
TAQA Onshore B.V.;TAQA;TAQA;TAQA
TAQA Piekgas B.V.;TAQA;TAQA;TAQA
Tas Paprika C.V.;Tas Paprika C.V.;Tas Paprika C.V.;Tas Paprika C.V.
Tata Steel IJmuiden bv BKG 1;Tata Steel IJmuiden bv;Tata Steel IJmuiden bv;Tata Steel
Tata Steel IJmuiden bv BKG 2;Tata Steel IJmuiden bv;Tata Steel IJmuiden bv;Tata Steel
Tate & Lyle Netherlands B.V.;Tate & Lyle Netherlands B.V.;Tate & Lyle Netherlands B.V.;Tate & Lyle Netherlands
Ten Cate Advanced Textiles B.V.;TenCate;TenCate;TenCate
TenCate Outdoor Fabrics B.V.;TenCate;TenCate;TenCate
Theo Pouw Secundaire Bouwstoff. B.V loc. Eemshaven;Theo Pouw Secundaire Bouwstoff. B.V loc. Eemshaven;Theo Pouw Secundaire Bouwstoff. B.V loc. Eemshaven;Theo Pouw Secundaire Bouwstoff. B.V loc. Eemshaven
Tomatenkwekerij Gebr. Duijvestijn;Tomatenkwekerij Gebr. Duijvestijn;Tomatenkwekerij Gebr. Duijvestijn;Tomatenkwekerij Gebr. Duijvestijn
Total offshore platform F15A;Total offshore platform;Total offshore platform;Total
Total offshore platform K5 Central Complex;Total offshore platform;Total offshore platform;Total
Total offshore platform K6 Central Complex;Total offshore platform;Total offshore platform;Total
Total offshore platform L7 Central Complex;Total offshore platform;Total offshore platform;Total
Trespa International B.V.;Trespa International B.V.;Trespa International B.V.;Trespa International
"TU Delft, Warmte-Krachtcentrale";"TU Delft, Warmte-Krachtcentrale";"TU Delft, Warmte-Krachtcentrale";"TU Delft, Warmte-Krachtcentrale"
TWC VU;TWC VU;TWC VU;TWC VU
UMC Utrecht;UMC Utrecht;UMC Utrecht;UMC Utrecht
Uniper Centrale De Constant Rebecqueplein;Uniper Centrale De Constant Rebecqueplein;Uniper;Uniper
Uniper Centrale Leiden;Uniper Centrale Leiden;Uniper;Uniper
Uniper Centrale Maasvlakte;Uniper Centrale Maasvlakte;Uniper;Uniper
Uniper Centrale RoCa;Uniper Centrale RoCa;Uniper;Uniper
Uniper HWC Bezuidenhout West;Uniper HWC Bezuidenhout West;Uniper;Uniper
Uniper HWC Blekerstraat;Uniper HWC Blekerstraat;Uniper;Uniper
Uniper HWC Delftse Vaart;Uniper HWC Delftse Vaart;Uniper;Uniper
Uniper HWC Kop van Zuid;Uniper HWC Kop van Zuid;Uniper;Uniper
Uniper HWC Stevenshof;Uniper HWC Stevenshof;Uniper;Uniper
Uniper Maasvlakte Powerplant 3;Uniper Maasvlakte Powerplant 3;Uniper;Uniper
"Universiteit Utrecht, locatie De Uithof";"Universiteit Utrecht, locatie De Uithof";"Universiteit Utrecht, locatie De Uithof";"Universiteit Utrecht, locatie De Uithof"
Van Houtum Holding B.V.;Van Houtum Holding B.V.;Van Houtum Holding B.V.;Van Houtum Holding
Vattenfall Centrale Diemen;Vattenfall Centrale Diemen;Vattenfall;Vattenfall
Vattenfall Centrale Hemweg;Vattenfall Centrale Hemweg;Vattenfall;Vattenfall
Vattenfall HWC Almere;Vattenfall HWC Almere;Vattenfall;Vattenfall
Vattenfall HWC Arena - Holterbergweg;Vattenfall HWC Arena - Holterbergweg;Vattenfall;Vattenfall
Vattenfall HWC Boris Pasternak;Vattenfall HWC Boris Pasternak;Vattenfall;Vattenfall
Vattenfall Magnum Centrale Eemsmond;Vattenfall Eemsmond;Vattenfall;Vattenfall
Vattenfall Power IJmond;Vattenfall IJmond;Vattenfall;Vattenfall
Vattenfall Power Velsen;Vattenfall Velsen;Vattenfall;Vattenfall
VDL Nedcar B.V.;VDL Nedcar B.V.;VDL Nedcar B.V.;VDL Nedcar
Veolia Industriediensten B.V.;Veolia Industriediensten B.V.;Veolia Industriediensten B.V.;Veolia Industriediensten
Vlisco Netherlands B.V.;Vlisco Netherlands B.V.;Vlisco Netherlands B.V.;Vlisco Netherlands
Vopak Terminal Amsterdam Westpoort B.V.;Vopak Terminal;Vopak Terminal;Vopak
Vopak Terminal Botlek B.V.;Vopak Terminal;Vopak Terminal;Vopak
Vopak Terminal Eemshaven B.V. (VTEH);Vopak Terminal;Vopak Terminal;Vopak
Vopak Terminal Europoort B.V.;Vopak Terminal;Vopak Terminal;Vopak
Vopak Terminal Vlaardingen B.V.;Vopak Terminal;Vopak Terminal;Vopak
Vopak Terminal Vlissingen B.V.;Vopak Terminal;Vopak Terminal;Vopak
VPR Energy B.V.;VPR Energy B.V.;VPR Energy B.V.;VPR Energy
Warmte Station Galile?traat;Warmte Station Galile?traat;Warmte Station Galile?traat;Warmte Station Galile?traat
Wetenschappelijk Centrum Watergraafsmeer;Wetenschappelijk Centrum Watergraafsmeer;Wetenschappelijk Centrum Watergraafsmeer;Wetenschappelijk Centrum Watergraafsmeer
Wienerberger B.V. Steenfabriek Bemmel;Steenfabrieken;Steenfabrieken;Steenfabrieken
Wienerberger B.V. Steenfabriek de Nijverheid;Steenfabrieken;Steenfabrieken;Steenfabrieken
Wienerberger B.V. Steenfabriek De Vlijt;Steenfabrieken;Steenfabrieken;Steenfabrieken
Wienerberger B.V. Steenfabriek Erlecom;Steenfabrieken;Steenfabrieken;Steenfabrieken
Wienerberger B.V. Steenfabriek Haaften;Steenfabrieken;Steenfabrieken;Steenfabrieken
Wienerberger B.V. Steenfabriek Heteren;Steenfabrieken;Steenfabrieken;Steenfabrieken
Wienerberger B.V. Steenfabriek Kijfwaard Oost;Steenfabrieken;Steenfabrieken;Steenfabrieken
Wienerberger B.V. Steenfabriek Kijfwaard West;Steenfabrieken;Steenfabrieken;Steenfabrieken
Wienerberger B.V. Steenfabriek Nuance;Steenfabrieken;Steenfabrieken;Steenfabrieken
Wienerberger B.V. Steenfabriek Poriso;Steenfabrieken;Steenfabrieken;Steenfabrieken
Wienerberger B.V. Steenfabriek Schipperswaard;Steenfabrieken;Steenfabrieken;Steenfabrieken
Wienerberger B.V. Steenfabriek Thorn;Steenfabrieken;Steenfabrieken;Steenfabrieken
Wienerberger B.V. Steenfabriek Wolfswaard;Steenfabrieken;Steenfabrieken;Steenfabrieken
Wienerberger B.V. Steenfabriek Zennewijnen;Steenfabrieken;Steenfabrieken;Steenfabrieken
Wienerberger Dakpannenfabriek Janssen Dings;Steenfabrieken;Steenfabrieken;Steenfabrieken
Wienerberger Dakpannenfabriek Narvik Deest;Steenfabrieken;Steenfabrieken;Steenfabrieken
Wienerberger Dakpannenfabriek Narvik Tegelen;Steenfabrieken;Steenfabrieken;Steenfabrieken
Wijnen Facilities B.V.;Wijnen Facilities B.V.;Wijnen Facilities B.V.;Wijnen Facilities
Wintershall Noordzee B.V. F16-A;Wintershall Noordzee B.V.;Wintershall Noordzee B.V.;Wintershall Noordzee
Wintershall Noordzee B.V. L8-P4;Wintershall Noordzee B.V.;Wintershall Noordzee B.V.;Wintershall Noordzee
Wintershall Noordzee B.V. P6-A;Wintershall Noordzee B.V.;Wintershall Noordzee B.V.;Wintershall Noordzee
WKC Bergen op Zoom;WKC;WKC;WKC
WKC Eindhoven;WKC;WKC;WKC
WKC Enschede;WKC;WKC;WKC
WKC Erica;WKC;WKC;WKC
WKC Heineken;WKC;WKC;WKC
WKC Helmond 1 & 2;WKC;WKC;WKC
WKC Klazienaveen;WKC;WKC;WKC
WKC Kruiningen;WKC;WKC;WKC
WKC Moerdijk;WKC;WKC;WKC
Wormdal Vastgoed BV;Wormdal Vastgoed BV;Wormdal Vastgoed BV;Wormdal Vastgoed
Yara Sluiskil B.V. BKG 1;Yara Sluiskil B.V.;Yara Sluiskil B.V.;Yara
Yara Sluiskil B.V. BKG 2;Yara Sluiskil B.V.;Yara Sluiskil B.V.;Yara
Yara Sluiskil B.V. BKG 3;Yara Sluiskil B.V.;Yara Sluiskil B.V.;Yara
Yara Sluiskil B.V. BKG 4;Yara Sluiskil B.V.;Yara Sluiskil B.V.;Yara
Yara Sluiskil B.V. BKG 5;Yara Sluiskil B.V.;Yara Sluiskil B.V.;Yara
Yara Sluiskil B.V. BKG 6;Yara Sluiskil B.V.;Yara Sluiskil B.V.;Yara
Zalco B.V.;Zalco B.V.;Zalco B.V.;Zalco
Zeeland Refinery N.V.;Zeeland Refinery N.V.;Zeeland Refinery N.V.;Zeeland Refinery N.V.
Zwanenberg Food Oss B.V.;Zwanenberg Food Oss B.V.;Zwanenberg Food Oss B.V.;Zwanenberg Food Oss
